{
  "V1": -7.921234,
  "V2": 6.432198,
  "V3": -8.512349,
  "V4": 5.983421,
  "V5": -4.932112,
  "V6": -3.812233,
  "V7": -7.123455,
  "V8": 4.123678,
  "V9": -5.723441,
  "V10": -7.812233,
  "V11": 5.312441,
  "V12": -6.112233,
  "V13": -4.912341,
  "V14": -8.512345,
  "V15": 0.534221,
  "V16": -4.234567,
  "V17": -7.345678,
  "V18": -4.823456,
  "V19": 2.231234,
  "V20": 1.534567,
  "V21": -2.112345,
  "V22": -1.234567,
  "V23": -1.543221,
  "V24": -0.923451,
  "V25": -1.245678,
  "V26": -1.412345,
  "V27": 2.312345,
  "V28": -2.812345,
  "Amount": 5200.75,
  "Time": 84500
}