{
    "ANN_AUC": 0.9804085903494768,
    "AE_AUC": 0.9486203386813362,
    "best_model": "ann"
}